company_name,company_description,job_title,job_url,date_posted,fit_score,location,business_signal,company_stage,total_funding,industry_vertical,outreach_angle
Mistral AI,"Europe's leading AI company. Building frontier AI models. Major player in open-source and enterprise AI.",Business Development Manager - Tech Partners,https://jobs.lever.co/mistral,2026-01,5,Paris/London,"Very well funded, leading European AI, strategic partnerships focus",Series B+,$500M+,AI / Foundation models,"DJI + Apple: Managed $46M/year strategic partnership. Perfect for tech partnerships role."
RIVR,"Swiss robotics startup building delivery robots. Hardware+software autonomous systems.",Head of Product,https://jobs.lever.co/rivr,2026-01,5,Zurich,"Swiss precision robotics, delivery automation, scaling",Series A-B,Undisclosed,Mobile robotics / Delivery,"Robotics native: 5 years at DJI. Hardware+software experience. Product leadership at scale."
Yondu,"YC W24 warehouse robotics startup. Building autonomous systems for warehouse operations. First commercial hire opportunity.",Founding BDR - Robotics,https://www.workatastartup.com/companies/yondu,2026-01,5,LA / Remote US,"YC-backed, first GTM hire, warehouse robotics",Seed (YC W24),Undisclosed,Mobile robotics / Warehouse automation,"Robotics native: 4 years at DJI. First commercial hire - build GTM from scratch. Founder credibility."
Conveo,"YC S24 AI company. Building AI solutions with enterprise focus.",VP Customer Success,https://www.workatastartup.com/companies/conveo,2026-01,4,London / Remote,"YC-backed, VP-level role, international scope",Seed (YC S24),Undisclosed,AI / Enterprise,"Founder credibility: VC-backed startup experience. International: worked across China, US, LATAM, EU."
JustAI,"YC W24 AI startup. Building AI products for enterprises. Looking for first GTM hire.",Founding GTM Lead,https://www.workatastartup.com/companies/justai,2026-01,4,San Francisco,"YC-backed, first GTM hire opportunity, build from scratch",Seed (YC W24),Undisclosed,AI / Enterprise,"Founder credibility: Built GTM at VC-backed startup. First commercial hire opportunity."
ko-br,"London-based robotics AI startup automating variable warehouse operations (palletizing, kitting) with AI-powered robots. No-code solution plugs into ABB/KUKA/UR arms. Founded by Ex-Amazon/Meta ML engineer.",Chief Commercial Officer (CCO),mailto:hiring@ko-br.com,2025-04,5,London (preferred) / Europe,"Early stage, actively hiring, co-founder level equity offered",Seed/Pre-Series A,Undisclosed,Mobile robotics / Warehouse automation,"Robotics native: 4 years at DJI during hypergrowth. Technical-commercial bridge."
Dexory,"Warehouse robotics and AI logistics solutions. Autonomous robots scan up to 10,000 pallet locations per hour. 150 employees, 33 nationalities.",Chief of Staff,https://job-boards.eu.greenhouse.io/dexory/jobs/4693802101,2025-01,4,"Wallingford, Oxfordshire UK","Very well funded ($100M), rapidly expanding",Series B,$100M+,Mobile robotics / Warehouse automation,"Founder credibility: VC-backed startup experience. General management and cross-functional leadership."
Dexory,"Warehouse robotics and AI logistics solutions. Autonomous robots scan up to 10,000 pallet locations per hour. 150 employees, 33 nationalities.",Head of Business Development - US,https://job-boards.eu.greenhouse.io/dexory/jobs/4721604101,2025-01,3,US Remote,"Very well funded ($100M), aggressive US market entry",Series B,$100M+,Mobile robotics / Warehouse automation,"DJI + Apple: Strategic partnership experience. International market expansion."
Summer Robotics,"Robotics company - recently hired CCO. Worth monitoring for future opportunities.",Monitor - No current GTM role,N/A,2026-01,4,Unknown,"Recently hired CCO - active in market",Unknown,Undisclosed,Mobile robotics,"Proactive outreach - monitor for future roles."
