company_name,company_description,hq_country,job_title,job_url,location,remote_policy,role_type,fit_score,notes
Tines,Security automation workflows,Ireland,Head of Partnerships EMEA,https://www.tines.com/careers,Dublin / Remote EU,Remote,Partnerships,9,Ireland HQ - scaling partnerships across EMEA region
Framer,AI-native website builder,Netherlands,Growth Lead Europe,https://www.framer.com/careers,Amsterdam / Remote,Hybrid,GTM Leadership,8,Netherlands HQ - leading EU growth initiatives
n8n,AI workflow automation tool,Germany,Head of Strategic Partnerships,https://n8n.io/careers,Berlin / Remote EU,Remote,Partnerships,9,Germany HQ - developer-focused partnerships
Sana,AI tools for human knowledge,Sweden,VP Sales EMEA,https://www.sanalabs.com/careers,Stockholm / Remote,Hybrid,GTM Leadership,8,Sweden HQ - enterprise sales leadership
Poolside,Foundation model for coding,France,Head of Developer Relations,https://poolside.ai/careers,Paris / Remote EU,Remote,Partnerships,8,France HQ - developer ecosystem building
Supabase,Open-source backend + AI tools,US,Developer Advocate Europe,https://supabase.com/careers,London / Remote EU,Remote,Partnerships,7,Strong EU presence - developer community focus
Clay,AI prospecting and outreach,US,Strategic Partnerships Manager,https://www.clay.com/careers,Remote / Barcelona,Remote,Partnerships,9,GTM tool - partnerships with data providers
Cursor,AI coding environment,US,Head of Partnerships,https://cursor.sh/careers,Remote,Remote,Partnerships,9,Dev tool - scaling partnerships ecosystem
Linear,Product issue tracking with AI,US,Enterprise Sales Director EMEA,https://linear.app/careers,London / Remote,Remote,BD,8,Product-led company scaling enterprise
PostHog,Product analytics with AI,US,VP Sales Europe,https://posthog.com/careers,London,On-site,GTM Leadership,8,All-remote with strong EU team
Coralogix,AI observability and logging,Israel,Regional Sales Manager EMEA,https://coralogix.com/careers,Remote EU,Remote,BD,7,Israel HQ - enterprise observability sales
Modal,Serverless compute for AI apps,US,Head of Growth,https://modal.com/careers,Remote,Remote,GTM Leadership,8,Infra company - developer-led growth
LangChain,Agentic application framework,US,Strategic Partnerships Lead,https://www.langchain.com/careers,Remote / London,Remote,Partnerships,9,AI framework - key partnerships with LLM providers
Gamma,AI-native presentations and decks,US,Head of Business Development,https://gamma.app/careers,Remote,Remote,BD,7,Consumer AI - expanding enterprise motion
Fireworks,High-speed model inference,US,VP Enterprise Sales,https://fireworks.ai/careers,Remote,Remote,GTM Leadership,7,AI infrastructure - enterprise GTM
Decagon,Automated customer resolution,US,Head of Partnerships,https://decagon.ai/careers,Remote,Remote,Partnerships,8,AI customer support - integration partnerships
Neko Health,Preventative healthcare,Sweden,Country Manager Spain,https://www.nekohealth.com/careers,Barcelona,On-site,Regional,9,Sweden HQ - launching Barcelona clinic
Tide,SME banking with embedded AI,UK,Head of Partnerships,https://www.tide.co/careers,London,Hybrid,Partnerships,8,UK fintech - fintech and software partnerships
Nothing,Consumer devices with AI layer,UK,Head of Strategic Partnerships Europe,https://nothing.tech/careers,London,Hybrid,Partnerships,7,Consumer hardware - retail and carrier partnerships
Lighthouse,AI property intelligence,UK,VP Sales UK & Europe,https://lighthouse.re/careers,London,Hybrid,GTM Leadership,7,UK proptech - enterprise real estate sales
Isomorphic Labs,AI drug design platform,UK,Head of Pharma Partnerships,https://www.isomorphiclabs.com/careers,London,On-site,Partnerships,8,DeepMind spinout - pharma BD partnerships
TEKEVER,Maritime surveillance drones,Portugal,Business Development Manager Defence,https://www.tekever.com/careers,Lisbon / Remote,Hybrid,BD,8,Portugal HQ - defence and maritime BD
Isar Aerospace,Launch vehicles using AI,Germany,VP Commercial,https://www.isaraerospace.com/careers,Munich,On-site,GTM Leadership,7,Germany space - commercial launch contracts
Quantum Systems,Defence drones using AI,Germany,Head of Sales EMEA,https://quantum-systems.com/careers,Munich / Remote EU,Hybrid,GTM Leadership,8,German defence - EU defence partnerships
Parloa,AI voice automation for support,Germany,Enterprise Account Executive EMEA,https://www.parloa.com/careers,Berlin / Remote,Hybrid,BD,7,Germany AI voice - enterprise support sales
Lovable,AI front-end code generation,Sweden,Developer Partnerships Lead,https://lovable.dev/careers,Stockholm / Remote,Remote,Partnerships,8,Sweden dev tool - developer ecosystem
Legora,AI legal tech platform,Sweden,Head of Sales Nordics,https://legora.com/careers,Stockholm,Hybrid,GTM Leadership,7,Sweden legaltech - Nordic enterprise sales
Dream,Critical infrastructure cybersecurity,Israel,Regional Sales Director Europe,https://www.dream.security/careers,Remote EU,Remote,BD,7,Israel security - EU critical infrastructure
fal,Real-time AI inference engine,US,Partnerships Manager,https://fal.ai/careers,Remote,Remote,Partnerships,7,AI infrastructure - developer partnerships
Hippocratic AI,Safe medical LLMs,US,Head of Healthcare Partnerships,https://www.hippocratic.ai/careers,Remote,Remote,Partnerships,8,Healthcare AI - hospital and health system BD
Function Health,Healthcare platform,US,VP Growth,https://www.functionhealth.com/careers,Remote,Remote,GTM Leadership,7,Healthcare consumer - growth and retention
Kalshi,Regulated prediction markets,US,Head of Business Development,https://kalshi.com/careers,Remote,Remote,BD,6,Fintech - institutional and retail BD
Abridge,Clinical transcription AI,US,Strategic Partnerships Director Healthcare,https://www.abridge.com/careers,Remote,Remote,Partnerships,8,Clinical AI - EHR and health system partnerships
Mercor,AI talent matching marketplace,US,Head of Enterprise Sales,https://mercor.com/careers,Remote,Remote,GTM Leadership,7,AI recruiting - enterprise talent acquisition sales
ShopMy,Creator commerce storefronts,US,Partnerships Lead Brands,https://shopmy.us/careers,Remote,Remote,Partnerships,6,Creator economy - brand partnerships
Filevine,Legal case management AI,US,VP Sales,https://www.filevine.com/careers,Remote,Remote,GTM Leadership,6,Legaltech SaaS - law firm enterprise sales
Nourish,Nutrition telehealth with AI,US,Head of Partnerships Payers,https://www.nourishcare.com/careers,Remote,Remote,Partnerships,7,Healthtech - insurance and payer partnerships
